ID,Title,Location,Salary,Summary
job_6b8435bca1893031,Data Architect,서울,"multiple platforms Programming languages, especially Python and Java, as well as C/C++ and node.js Operating systems..."
job_6b46ce7e432daab8,Data Engineer & Scientist,서울 영등포구,"리즘에 대한 깊은 이해 - Data integrity, data governance 에 대한 이해 - Python Data & Analytics 라이브러리 경험 (NLTK, Spacy, Scikit-Learn, PyTorch..."
job_dbdef3f1da3cd81a,[AWS] Application Architect,서울,"C#, Swift, Node.js, Python, Go, or Ruby... JavaScript, C / C ++, C #, Swift, Node.js, Python, Go 또는 Ruby 중 두 개 이상의 언어를 활용한 코딩..."
job_e0c985782b230f96,Senior Data Analyst,서울,Looker and LookML will make you stand out from the crowd. Any experience with statistical toolkits... Python or R.
job_447e5726f229a2b7,"Cloud Technical Solutions Engineer, Networking, Google Cloud",서울,"reading or debugging code (e.g., Java, C, C++, .NET, Python, Shell, Perl, JavaScript). Experience advocating for customer..."
job_6cfffc13b8a012c3,Product Test Engineer,서울,"Knowledge of Compute Language in either C++/C or VB, Python is preferred.. Good command of oral and written English. Good..."
job_6d15c3420e935aea,AI 분야 경력,서울,"이상 (AI 관련 논문 발표) ② AI/딥러닝 알고리즘 연구개발 프로젝트 경험 ③ Ubuntu Linux, Python, Tensorflow, PyTorch 사용 중상급 이상 우대사항(해당 내용 중 1개 이상) ① AI/머신..."
job_dcf3ff6b6acb5519,"2022년 경력직 (개발,엔지니어,PM/PL 외)",서울 마포구,"SMPP, HTTP 능숙 초대졸 이상 3년 이상 메시징 제품 (MMS,SMS,RCS) 개발경험 우대 Python 프로그래밍 MongoDB SIP, Diameter, HTTP2, HTTPS 경력 우대 Un 인터넷·IT·통신..."
job_bec0de692ac682a9,"DevOps Consultant, Professional Services",서울,"Powershell, Python, Bash…). · Experience... 또는 Terraform) · 스크립팅 (예 : Powershell, Python, Bash…)을 포함한 클라우드, 또는 가상화 환경에서의 Linux..."
job_686c8cf8b082fbc1,연구개발부 생명정보부문 석사졸연구원 신입/경력 정규직,서울 서대문구,통신·모바일·게임>빅데이터·AI(인공지능)>데이터분석|인터넷·IT·통신·모바일·게임>빅데이터·AI(인공지능)> Python|인터넷·IT·통신·모바일·게임>빅데이터·AI(인공지능)>R|인터넷·IT·통신·모바일·게임>빅데이터·AI...
job_00b0f4d1f5f56d14,모바일 운영서비스 빌드/배포/테스트 자동화 개발자,서울 마포구,"와 같은 컨테이너 기반 기술 이해 및 경험- 리눅스 환경에 대한 경험- 기본 스크립트 언어 경험 : Python / Bash / Perl 등- 지속적 통합 (Jenkins, Fastlane) 이해 및 경험- 소스형상관리..."
job_21ba056946e5abdf,"Solutions Architect - AMAZON Web Services, Korea",서울,"languages... Ruby, Python and Node... 현대 개발 언어에 대한 실무적 지식: 루비 (Ruby), 파이썬 ( Python), Node.js 등 · 개발자 및 IT 운영자 대상의 신기술 전파에..."
job_ad9c760fdec88af5,품질 신입 채용,서울 한강로2가,전면허 및 운전가능자 우대요건 - 산업공학과(통계 활용 능력) - 품질경영기사 자격증 보유자 - 파이썬( Python) 활용 가능자 - 엑셀 및 PPT 활용 능력 우수자 장항 전형절차 STEP.01 서류심사 - STEP...
job_a5950cc205f9f73a,[AWS] DevOPs Consultant,서울,"Powershell, Python, Bash…). · Experience... 또는 Terraform) · 스크립팅 (예 : Powershell, Python, Bash…)을 포함한 클라우드, 또는 가상화 환경에서의 Linux..."
job_36e378ae85aac43e,"Software Engineer, Android Connectivity",서울 강남구,"following languages: C, C++, Java, or Python.Preferred qualifications:5 years... 그래머>C·C++|인터넷·IT·통신·모바일·게임>응용프로그래머> Python"
job_785c1ff464f60582,Fresh FC FP&A,서울,"experience in other data processing and modeling language (R, Python, etc.) ● Experience to initiate and drive analytics..."
job_340fa2d2204cf879,"Cloud AI Engineer, Professional Services",서울,"Experience writing software in one or more languages... Python, Scala, R... similar. Experience building machine..."
job_d6c05c588971df5a,백엔드 파운트 시스템 엔지니어 (현재 급여수준 이상 보장),서울 충정로역,"경험 - Linux명령어 및shell스크립트 작성 능숙 우대사항 - Python, Java등을 이용한 프로그래밍 경험 네트워크및 서버에 대한 표준화... 립트 작성 능숙 우대사항 - Python, Java등을 이용한 프로그래..."
job_77e83b57477df3f3,"Senior Manager, Analytics",서울,studio. Skill Requirements Experience in SQL and R or Python skills and business intelligence tools (e.g. Looker) 3 years...
job_3e7b756ca8ec169f,가상화 엔지니어 정규직,서울 서초구,DM/NV 등) 우대사항 1) 정보처리산업기사 이상의 자격을 보유하신 분 2) PowerShell/Bash/ Python 등 System Script 경험이 있는 분 기타정보 1) 삼성전자 반도체 사업장 VMware 가상화...
job_af5683389907a8c9,백엔드 개발자 (경력),서울 역삼동,"데이터 관리 (Auth0) - 블록체인 지갑 인증 (Ethereum, EOS) [자격요건] - 백엔드 & Python 실무 개발경험 3년 이상 혹은 그에 준하는 능력을 갖고 있으신 분 - 새로운 기술에 대해 호기심을 갖고..."
job_c896322092980fcd,Business Consultant - Technology,서울,"Cloud Computing. Basic knowledge and skillset with Linux, Python, C++/.Net, RESTful API/Embedded API is required. About RWS..."
job_caf5ce762f9ea674,"Sales Engineer, Korea",서울,large-scale enterprise analytics deployment Experience in Python Familiarity with data storage and computing infrastructure...
job_116009dbf59211ed,퍼즐데이터 역량있는 데이터 분석가,서울 역삼동,"데이터 마이닝 및 통계분석에 대한 전반적인 이해 3. 관련분야(산업공학, 통계 등) 전공 4. R or Python 사용 능력 * 이런 분은 더욱 좋아요. 1. 프로세스 마이닝 지식 보유자 2. 관련분야 대학원 전공 3..."
job_a692f83229bd339f,Datacenter Engineer,서울,"Base Operating System Install • Some experience with Perl, Python, Bash or Java • Core OS Services: ssh, telnet, ftp, nfs..."
job_b6f149c5d6b60323,"Analyst - Environmental, Social and Governance (12 months co...",서울,"ESG) Experience and training in data analytics tools like Python, Alteryx, Tableau, Excel or other analytical platforms..."
job_9c6585f9306d65ff,[NAVER Cloud] MLOps 서비스 개발,서울,"위한 플랫폼 개발 - MLOps 서비스 모니터링, 배포, 운영 [필요역량] - 관련 경력 3년이상 - Python 또는 Spring 환경에 대한 이해 및 이를 활용한 서비스 개발 경험 - 비동기 프로그래밍 등 고성능 어플리..."
job_91bddba7f7620d51,"[대형증권사] LP/MM 시스템 개발 및 운영,유지보수",서울 강남구,레이딩 시스템에 대한 이해 및 열정 보유 <우대사항>C++/JAVA/ Python 프로그래밍 가능 0 명 근무조건 고용형태: 정규직급여조건: 연봉 협의... 통신·모바일·게임>웹프로그래머> Python|인터넷·IT·통신·모바일·게임...
job_58a835a5987073cf,고객기획 경력 모집,서울 회현동,"분석 관련 전공이신 분 - 자동화 마케팅 구축 및 솔루션 활용 경력을 보유하신 분 - 데이터 분석 툴(R, Python 등) 활용 가능 경혐을 보유하신 분 0명 솔루션운영 [주요 업무내용] 1. 팀 내 마케팅 솔루션..."
job_705f1a36a7fafed3,은행 정보계 DW 시스템 담당자,서울 중학동,MySQL 등) 대용량 쿼리 개발/튜닝 경험을 보유하신 분 - SW 개발 능력을 보유하신 분(Java/ Python 등) 우대사항 - 은행 정보계 시스템(DW/규제/회계/리스크) 운영 경험을 보유하신 분 - 시각화/분석...
job_dff3f8e5936d5b70,[반도체IP 전문기업] Video Codec HW 개발자,서울 강남구,video codec • Python/Perl 사용 가능자... image signal processing- video codec • Python/Perl 사용 가능자• SystemVerilog를 사용한 test...
job_d193999bb6d038d4,Analog Design Engineer,서울,"Modeling of solutions using tools... Python, Matlab, Simulink, and Spectre AMS... tools... Python, Matlab, Simulink..."
job_87985ee884920551,Business Analyst,서울,"engineering related research. • Broad working knowledge of Python, Excel (inc. automation skills), Relational DBs, SQL..."
job_1c148ec8d2c892a3,[어니컴(주)] 테스트 자동화 전문가 경력자,서울 강남구,그래머>웹개발|인터넷·IT·통신·모바일·게임>웹프로그래머>JAVA|인터넷·IT·통신·모바일·게임>웹프로그래머> Python|인터넷·IT·통신·모바일·게임>웹프로그래머>프론트엔드|인터넷·IT·통신·모바일·게임>웹프로그래머>백엔드...
job_406d95c405404a76,"[Robotics] Robotics Software Engineer, Robot System",서울,서비스 로봇 개발 및 실제 서비스 운영 경험 ㅇ Scratch 부터 로봇 시스템 개발을 해 본 경험 ㅇ Python/Lua 등의 script 언어 활용 능력 및 C++ binding해서 활용가능한 분 • 채용하고 싶은 사람...
job_a5d866cb3092e1f6,빅데이터 플랫폼 데이터 엔지니어,서울 마곡역,"험자 - S/W 관련 자격증 보유자 - AWS (Redshift, S3 등) 기반 시스템 구축 경험자 - Python, SAS 스킬 보유자 - DB영역 기술 전문성 보유자 - IT 전반에 대한 이해도와 경험 보유자 필수 지원..."
job_08f44dbc98b82482,[피파온라인4] Software Engineer (DBA & Data Engineering),서울,"Data Engineering 관련 경력 3년 이상 Linux, Cloud 환경에서 Javascript, Python을 통한 서비스 개발 경험 대규모 데이터 분산처리 시스템을 개발 및 운영하였거나 관련 오픈소스 기술 경험..."
job_4389736e058f4f69,Data Engineer-Eng,서울 강남구,모바일·게임>빅데이터·AI(인공지능)>인공지능(AI)|인터넷·IT·통신·모바일·게임>빅데이터·AI(인공지능)> Python|인터넷·IT·통신·모바일·게임>빅데이터·AI(인공지능)>데이터분석|인터넷·IT·통신·모바일·게임>통신...
job_774afc35e3ec6e5a,[AI/Lab] Recommendation System 리서치 엔지니어 (전문연구요원 가능),서울,있으신 분 논문을 빠르고 정확하게 이해하고 구현할 수 있으신 분 최신 추천 기술 동향을 파악하고 계신 분 Python 사용 능력이 능숙하신 분 ※ 참고사항 : 해당 직군은 상세 경력기술서 제출이 필수입니다. 이런 분은...
job_946014e8c4501212,Backend Engineer,서울,"젝트를 공개하고 지속적인 기여를 통해 프로젝트를 발전시킵니다. 자격요건 - 하나 이상의 프로그래밍 언어( Python, Golang, C++, ...)를 능숙하게 사용하시는 분 - AWS, GCP, Azure 등 Cloud..."
job_9ebe2c394b6cfcab,Senior Server Engineer,서울 영등포구,"개발자들에게 코칭 제공 자격 요건 5년 이상 서버 엔지니어링 경험 보유 Golang/Java(Kotlin)/ Python 중 하나 이상에 전문성을 보유, 고도화된 서비스 설계 및 개발 경험 보유 금융관련 IT 업무 경력 보유자..."
job_8e53a83882340b05,"[Consumer Health] Associate Manager, eCommerce Data Analytic...",서울,intelligence methods and techniques - Proficiency in Python/R... knowledge of database query and data manipulation...
job_a364f937ff9aa591,Advanced Support Engineer / Database & Cloud,서울,"Open Source Software like Docker, Python, Kubernetes, Ansible, Jenkins, Corosync... Kubernetes - Python Detailed..."
job_3292e81e43884c67,Web 개발(이커머스 파트)_PHP/CodeIgniter/Javascript,서울 마포구,익숙하신 분 개발 환경 - Mysql - PHP / CodeIgniter - Javascript - Python / Django - Git / Github / Git flow 업무 역량 (1) 문제인식 주어진 상황이나...
job_cd9f0ad81f2628c3,[경력] Growth Data Analyst,서울,"실행에 이르기까지 데이터 분석의 전 과정을 능숙하게 진행하실 수 있는 분 - SQL 활용능력이 우수하고, Python/R 등 데이터분석을 위한 프로그래밍 역량을 가지신 분 - 태블로를 활용한 비즈니스 리포팅이나 대시보드 관리..."
job_8358c9b239d656e9,[Platform Engineering] Machine Learning Ops Engineer,서울,학사 이상) ㅇ Kubernetes 관련 경험 ㅇ CI/CD 시스템 구축 역량 ㅇ 컨테이너에 대한 이해 ㅇ Python/C++/shell/go/Java 중 하나에 능숙 • 우대사항 ㅇ kubeflow 경험 ㅇ Deep...
job_8a7924ec2e51c28b,Consultant_Infrastructure / Security,서울,"one or more... following: Azure PowerShell, CLI, Visual Studio, Python, Ruby, ARM or Terraform. Knowledge of Azure DevOps..."
job_7c1c386cd39fecbb,Data Engineer,서울,"격을 디자인 합니다. 이런 분을 찾습니다! • 2년 이상의 데이터 엔지니어 업무 경험이 있는 분 • Python 혹은 Scala를 능숙하게 사용하시는 분 • Batch Processing, Stream Processing..."
job_c35b4e0f2710969b,[AWS] Cloud Architect,서울,"through DevOps scripting (E.g. Shell, Python) · Configuration management using... 데브옵스 스크립작성 (Shell, Python 등)을 통한 인프라 자동화..."
job_9ecefce08d4b32df,"[TmaxMetaverse/R&D] 게임 엔진, 게임 서버, 메타버스 스튜디오 개발자",성남 분당구,"유경험자 - 리액트 기반 개발 유경험자 [주 사용 언어] - C++, C# - Java Script - Python - Spring, React - HTML [지원 시 참고 사항] - 기술, 경험, 지식 등이 상세히 담긴..."
job_c8f4783faff92438,[㈜삼표]Digital Innovation부문 모집,서울 수송동,"개발 [] ㆍ대졸 / 컴퓨터공학 석사 ㆍ오픈소스 머신러닝/딥러닝 빅데이터 분석 소프트웨어 지식보유자 ㆍ Python, Delphi 등 프로그래밍 언어 사용 가능자 ㆍMSSQL, MYSQL 등 관계형 Database 사용가..."
job_75c348600e4ba140,국내 대기업 - 고객 데이터분석 포지션,서울,"도출 경험자 - 데이터 분석 지식 및 분석 Tool((SQL, R, Python 등) 사용가능자 - 고객 Segmentation 및 타겟마케팅 실행... 게임>빅데이터·AI(인공지능)> Python|인터넷·IT·통신·모바일·게임..."
job_ceb8243bc8ae3c35,[데이터 플랫폼]서비스 데이터 엔지니어(전문연구요원 가능),서울,대용량 데이터 처리를 위한 인프라 스트럭처 개발 사내 데이터 분석 도구 개발 및 유지보수 이런 분을 찾습니다 Python 기반의 데이터 처리 경험이 있으신 분 Docker 환경에서 개발 경험이 있으신 분 AWS 클라우드 기반...
job_5373ec7f16244523,Renewables Consultant - Electrical Engineering,서울,"programming languages... PSS®E, PSCAD, PowerFactory Python, Matlab, etc; Experience with using MS Office suite packages..."
job_5d2f994752ec7178,Digital Design Engineer,서울,"Working knowledge of high level modeling/scripting tools like Python, Simulink, Matlab, or similar Expertise with mixed..."
job_e86e8e49e0fae8e8,서버리스 백엔드 개발자(경력 3년 이상),서울 강남구,"DevOPs 기반 개발[사용기술]php, laravel, aws, python, java [자격요건] 인터넷·IT·통신·모바일·게임>웹프로그래머... 통신·모바일·게임>웹프로그래머> Python|인터넷·IT·통신·모바일·게임..."
job_bb01900aa7b4ab34,Solutions Architect,서울,"languages... Ruby, Python and Node... 현대 개발 언어에 대한 실무적 지식: 루비 (Ruby), 파이썬 ( Python), Node.js 등 · 개발자 및 IT 운영자 대상의 신기술 전파에..."
job_025b89990231eea6,[대형증권사] 자산배분전략 수립/모델개발,서울 강남구,통신·모바일·게임>웹프로그래머>JAVA|인터넷·IT·통신·모바일·게임>웹프로그래머>프론트엔드|인터넷·IT·통신·모바일·게임>웹프로그래머> Python|인터넷·IT·통신·모바일·게임>웹프로그래머>HTML·DHTML·mHTML
job_cf0bdeeebd1f045f,지식 콘텐츠 전문 기업 (매출 120억) 웹개발자 경력,서울,"서버 환경 유경험자• PHP, Python 개발 경험[연봉]6,000~7... 대학교(4년)졸업 이상직무기술: RDBMS, jQuery, CSS, Python, 시스템운영(Was/Web), Kafka 1 명 근무조건 고용형태..."
job_1654fcd801c4dca6,DBA,서울,분이 필요합니다. # 이런 경험이 있다면 더 좋습니다 - MongoDB 운영 경험이 있으면 더 좋습니다. - Python으로 운영 자동화 스크립트 개발 경험이 있으면 더 좋습니다. # 토스팀으로의 합류 여정 - 서류 접수...
job_79fb95da6dff4025,하반기 신입(채용 연계형 인턴) 수시채용,서울 마곡동,"Python, R, 기타 코딩 능력 보유자 또는 통계 분석에 대한 기초 지식 보유자 중 1개 해당자 우대사항 · 통계 분석에 대한 기초 지식 보유자 · 기초 프로그래밍 코딩 구현 능력 보유자 ( Python or R..."
job_5b015b9613812d9d,Customer Data Analyst,서울,"긴밀하게 협업하고 데이터 기반 확장 가능한 서비스 모듈 추가 및 성능 향상에 기여합니다. 필수 조건 Python (pandas, numpy), R, SQL... VBA 사용에 익숙함 물류 프로세스 분석 및 설계..."
job_09af3f1292a9cf45,Systems Engineer (Cloud) - Korea,서울,"Linux and Windows operating systems, scripting languages like Python, and cloud provider ecosystems like Amazon AWS, Azure..."
job_e84b86f48dc2081d,Consultant PSG,서울,"Learning & Predictive modelling (in R, Spark MLLib, Python) Knowledge... following TIBCO technologies... huge..."
job_4240704581f26166,여행사업본부 1월 정기 수시채용,서울 을지로2가,"ERP 시스템 운영 및 고도화 작업 •홈페이지 리뉴얼 개발 지원 [필요역량] •개발언어: java (필수), python (우대) •개발프레임워크: Spring Framework (필수), Django (우대) •DBMS..."
job_22ffe020e40de675,[포티투마루] 인공지능(AI) 개발자 전 부문,서울 서초구,인터넷·IT·통신·모바일·게임>빅데이터·AI(인공지능)> Python|인터넷·IT·통신·모바일·게임>빅데이터·AI(인공지능)>머신러닝|인터넷·IT·통신·모바일·게임>빅데이터·AI(인공지능)>딥러닝|인터넷·IT·통신·모바일·게임...
job_9d65190a07b1dcd7,Data Science Executive,서울,using tools... python/r. Understand... You’ve dabbled in data. You’ve perused Python. And you have the communication chops...
job_a5e926e1d22cdc11,각 분야별 인재 Pool 등록,서울,"자 - 데이터 분석 툴(Adobe Analytics 또는 Google Analytics) 유경험자 우대 - Python, R, SQL 역량 보유자 우대 - 데이터에 기반한 문제해결 능력 및 통계학적 지식 보유자 우대 - 담당..."
job_87309d3ff40ead61,딥러닝 AI 개발 연구원,성남 수정구,시스템프로그래머>임베디드(Embedded)|인터넷·IT·통신·모바일·게임>응용프로그래머>C·C++|인터넷·IT·통신·모바일·게임>응용프로그래머>Linux|인터넷·IT·통신·모바일·게임>빅데이터·AI(인공지능)> Python
job_132bd08baefca568,"Sr.Software Engineer, Multimedia Indexer Team",서울,"following programming languages: C/C++, Python Knowledge in network and multithread... 경험이 있는 분(C/C++, Python) 네트웍과멀티스레딩 프로그래밍에..."
job_1b3ad64e7a39c01a,IoT 기기 및 네트워크 취약점 점검 개발자,서울 성동구,"우대사항 ㆍ제로데이 및 CVE등 취약점 분석 경험자 우대 ㆍ언어(C, Python등)에 대한 이해 및 활용 능력 ㆍ리버스엔지니어링(arm/mips... 분석 경험자 우대 ㆍ언어(C, Python등)에 대한 이해 및 활용 능력..."
job_21ba056946e5abdf,"Solutions Architect - AMAZON Web Services, Korea",서울,"languages... Ruby, Python and Node... 현대 개발 언어에 대한 실무적 지식: 루비 (Ruby), 파이썬 ( Python), Node.js 등 · 개발자 및 IT 운영자 대상의 신기술 전파에..."
job_b79263ae7f3495a9,Software Engineer (Data) - Korea,서울 강남구,"least one programming language (preferably Java, Go, or Python). Outstanding problem-solving skills. Fluent in English (both..."
job_86e7b207ac22a5d5,Solutions Architect for AI and Deep learning in Korea,서울,"Computer Engineering. Good Programming Capability with Python, C/C++. Technical understanding and knowledge in NVIDIA GPU..."
job_764e1009190a3e15,[엔픽셀] 블록체인 웹 프로그래머,서울 강남구,"Javascript 등)가 있으신 분 ∙ 한 종류 이상의 능숙한 웹 스크립팅 언어 (java, node, python 등) 사용 가능하신 분 ∙ 개발 업무에 필요한 수준의 영어 독해 능력이 있으신 분 *[우대사항..."
job_d1d26bc871719fe2,대학생인턴십 2기 모집,서울 영등포구,"러시아어 회화 가능자 - 통계 프로그래밍(Minitab, SPSS, SAS 등), 프로그래밍언어(R, Python 등) 활용 경험 보유자 - 빅데이터/IT/품질/환경안전 관련 자격증 보유자 - PLC,N/W, 비전, 센터..."
job_116009dbf59211ed,퍼즐데이터 역량있는 데이터 분석가,서울 역삼동,"데이터 마이닝 및 통계분석에 대한 전반적인 이해 3. 관련분야(산업공학, 통계 등) 전공 4. R or Python 사용 능력 * 이런 분은 더욱 좋아요. 1. 프로세스 마이닝 지식 보유자 2. 관련분야 대학원 전공 3..."
job_557fe7d3af887a99,Cymer Software Engineer,대한민국,"experience in C/C++/MFC, and C#/Java/Scripts(VB, Python, Java) programming in extra More than 1~2 years of development..."
job_78d7329422e955ea,Applications Engineer (Monitoring Applications),서울,"system, FPGA experience is a plus Text-Based Programming, C#, Python, etc.; Experiences... infrastructure, open source OS..."
job_45ca852d3c46816a,Staff Back-end Engineer (Eats),서울,"요건 : 학사 이상 학위 소지자 엔터프라이즈 시스템 구축 7년 이상 객체 지향 프로그래밍 경험 및 Java, Python 등 그 외 언어에 대한 전문적 지식 보유 대규모 서비스 설계, 구축, 운영 경험 적극적으로 문제/장애..."
job_e3f3b7e2103d9bc7,"웹개발, 백엔드 외 신입/경력 정규직",서울 강남구,로그래머>웹개발|인터넷·IT·통신·모바일·게임>웹프로그래머>백엔드|인터넷·IT·통신·모바일·게임>웹프로그래머>프론트엔드|인터넷·IT·통신·모바일·게임>웹프로그래머> Python|인터넷·IT·통신·모바일·게임>웹프로그래머>PHP
job_649ccf047c868778,"금융 데이터 분석 엔진, 로보어드바이저 개발자",서울 영등포구,"시스템, 머신러닝, 자연어처리. 패턴분석 - 다음 언어에서 최소 한 가지 이상 능숙자: Java, C++, Python, JavaScript 우대사항 - 석사이상 컴퓨터공학 (Computer Science) 분야 또는..."
job_e18e709e63c081ed,"전액 국비지원 IT취업연계 교육 JAVA웹&앱, 빅데이터, 인공지능",서울 마포구,중앙정보처리학원 인터넷·IT·통신·모바일·게임>웹프로그래머>JAVA|인터넷·IT·통신·모바일·게임>웹프로그래머> Python|인터넷·IT·통신·모바일·게임>빅데이터·AI(인공지능)>빅데이터|인터넷·IT·통신·모바일·게임>빅데이터...
job_424c40da403d9398,금융공학연구 신입/경력/병역특례 채용,서울 여의도,"Data Science 프로젝트 경험 Big Data에 대한 분석능력( Python, R, Excel, Tableau 등) DevOps (신입/경력... AICPA/FRM 자격증 우대 Python/R/VBA/SQL 등 코딩 개발..."
job_21d2c5a3f43370e1,[ HDC 랩스 ] 2022년 상반기 경력,성남 분당구,인터넷·IT·통신·모바일·게임>웹프로그래머>백엔드|인터넷·IT·통신·모바일·게임>빅데이터·AI(인공지능)> Python|인터넷·IT·통신·모바일·게임>빅데이터·AI(인공지능)>빅데이터|인터넷·IT·통신·모바일·게임>네트워크...
job_686c8cf8b082fbc1,연구개발부 생명정보부문 석사졸연구원 신입/경력 정규직,서울 서대문구,통신·모바일·게임>빅데이터·AI(인공지능)>데이터분석|인터넷·IT·통신·모바일·게임>빅데이터·AI(인공지능)> Python|인터넷·IT·통신·모바일·게임>빅데이터·AI(인공지능)>R|인터넷·IT·통신·모바일·게임>빅데이터·AI...
job_e67716c26d372980,TeraVM Field Applications Engineer,서울,"Hands on experience in using Linux scripting languages ( Python, Perl, tshark, etc) Experience in working with Virtualisation..."
job_3e7b756ca8ec169f,가상화 엔지니어 정규직,서울 서초구,DM/NV 등) 우대사항 1) 정보처리산업기사 이상의 자격을 보유하신 분 2) PowerShell/Bash/ Python 등 System Script 경험이 있는 분 기타정보 1) 삼성전자 반도체 사업장 VMware 가상화...
job_bec0de692ac682a9,"DevOps Consultant, Professional Services",서울,"Powershell, Python, Bash…). · Experience... 또는 Terraform) · 스크립팅 (예 : Powershell, Python, Bash…)을 포함한 클라우드, 또는 가상화 환경에서의 Linux..."
job_642f5ec9db0c61b7,Sr. Software Engineer - ACR/DAI,서울,"following programming languages: C/C++, Python, Go Knowledge in network and multi... 언어에 대한 경험: Python, Go, Java, Javascript..."
job_6afd6c8d260f0ad7,[컨트롤웍스] 제어 및 시뮬레이션 전문가 경력(과장급),서울 강남구,"Simulink, C 또는 Python 등) 프로그래밍에 능숙하신 분... 제어 SW 개발 언어(Matlab / Simulink, C 또는 Python 등) 프로그래밍에 능숙하신 분[우대사항] - 팀리더 또는 PM 경험자..."
job_a759194a43ff2d38,Senior Data Scientist,서울 영등포구,"이해하고 활용하는데 어려움이 없으신 분 데이터 분석/모델링을 위한 언어 및 프레임워크 사용에 익숙하신 분 ( Python, R, SQL, Pandas, TensorFlow, Pytorch, Spark 등) 회사 내부 구성원들과..."
job_8358c9b239d656e9,[Platform Engineering] Machine Learning Ops Engineer,서울,학사 이상) ㅇ Kubernetes 관련 경험 ㅇ CI/CD 시스템 구축 역량 ㅇ 컨테이너에 대한 이해 ㅇ Python/C++/shell/go/Java 중 하나에 능숙 • 우대사항 ㅇ kubeflow 경험 ㅇ Deep...
job_8ec361500ad0540e,인공지능(AI) 소프트웨어 개발 경력자,서울 마포구,"지원자격]학력사항: 학사이상경력 : 경력 3년~7년이상[우대사항] Python 프로그래밍 능력 우수자컴퓨터/시스템공학영어가능자, 컴퓨터활용능력우수... 터분석|인터넷·IT·통신·모바일·게임>빅데이터·AI(인공지능)> Python"
job_fda8eb786eca1d3b,Data Engineer,서울 강남구,분을 찾아요 Data Engineering 관련 경력 GCP 클라우드 구축 및 운영 경험이 있으신 분 Python 스크립트 언어 사용에 능숙하신 분 Data lake 또는 warehouse 구축 및 운영 경험이 있으신...
job_f621a8029e723115,Solution Consultant,서울,"OTC. Experience in programming languages... Python, R, VBA, SQL or Java Strong understanding of Financial Markets Strong..."
job_447e5726f229a2b7,"Cloud Technical Solutions Engineer, Networking, Google Cloud",서울,"reading or debugging code (e.g., Java, C, C++, .NET, Python, Shell, Perl, JavaScript). Experience advocating for customer..."
job_a82e3922c29d3373,관리직 경력사원 공개채용,서울 여의도,"개발 • 경력 : 3년 이상 10년 이하 • 학력 : 학사 이상 / 전공무관 • 우대사항 - JAVA, Python, node.js, typescript 프로그래밍 경험자 - IoT 클라우드 플랫폼 또는 앱 서비스 개발자..."
job_fb8f5764cdbe3c39,"Customer Solutions Engineer, Global Client and Agency Soluti...",서울,"general purpose programming language (e.g., Java, C/C++, Python). Ability to speak and write in English and Korean fluently..."
job_ee9ce1783556bdfd,Field Application Fab Support Engineer,대한민국,"knowledge can be plus •Knowledge to handle SW tools (MATLAB, Python, MS office and so... data analysis •Understand..."
job_4e38193c08dd3fda,Data Engineer,서울,"Coding experience in more than one software language (ex: Python, R, Pandas, Javascript, Vue.js, React, Angular, and so..."
sj_8cf699a92d98c8aa,Cybersecurity Engineer,서울,"various programming/scripting languages including C++, Perl, Bash, Python, and Java... plus. Provide production network..."
job_72a2585ce058fa09,[대형증권사] IT퀀트 개발자,서울 강남구,"로세스에 대한 이해학력사항: 대학교(4년)졸업 - 이공계 전공, C#, Python,JavaScript,SQL 사용 가능 우대 0 명 근무조건 고용형태... 통신·모바일·게임>웹프로그래머> Python|인터넷·IT·통신·모바일·게임..."
job_4ccbaa177ea26641,[금호타이어] 2022년 2월 수시,서울 종로구,통신·모바일·게임>응용프로그래머> Python|인터넷·IT·통신·모바일·게임... 게임>웹프로그래머>웹개발|인터넷·IT·통신·모바일·게임>웹프로그래머> Python|인터넷·IT·통신·모바일·게임>네트워크·서버·보안>Windows계열...
job_e3e1c9a3233eef1f,데이터 분석가 경력,서울 영등포구,"BI(Business Intelligence) Tool 활용 가능 (Tableau, Qlik 등) - R, Python 활용 가능 모집기한: ~ 본 포지션 채용 시점까지 제출방법: LG그룹 채용사이트(LG Careers)를..."
job_abdc136f65ceddd4,AI 분야,서울,"무를 경험하면서 조직과 함께 성장하고 싶으신 마인드를 보유하신 분 - Python 및 PyTorch, Tensorflow 등과 같은 딥러닝 프레임워크... 경력자 가능 - C/C++, Python, 딥러닝 프레임워크(PyTorch..."
job_24a5807eaf563f23,부문별 경력직,서울 영등포구,게임>빅데이터·AI(인공지능)>하둡(Hadoop)|인터넷·IT·통신·모바일·게임>빅데이터·AI(인공지능)> Python|인터넷·IT·통신·모바일·게임>데이터베이스·DBA>SQL|경영·인사·총무·사무>경영·기획·전략>경영기획...
job_d01b48c60ec21f98,프로모션 Analyst 인턴,서울 강남구,마케팅·광고·홍보·조사>마케팅>마케팅기획|인터넷·IT·통신·모바일·게임>데이터베이스·DBA>SQL|인터넷·IT·통신·모바일·게임>응용프로그래머> Python|인터넷·IT·통신·모바일·게임>빅데이터·AI(인공지능)> Python
job_abe4fc0b70f19c72,[대기업] 클라우드/IoT 플랫폼 개발,서울,통신·모바일·게임>웹프로그래머> Python|인터넷·IT·통신·모바일·게임... 응용프로그래머>Linux|인터넷·IT·통신·모바일·게임>응용프로그래머> Python|인터넷·IT·통신·모바일·게임>시스템프로그래머>사물인터넷(IoT...
job_67c19d7ac0857ecd,빅데이터 분야,서울,"데이터 분석 모형 개발 ① R, Python, SQL 등 데이터 분석 도구... 분석 관련 자격 보유(빅데이터분석기사, ADsP, ADP 등) - R/ Python/SQL 등을 사용하여 데이터를 핸들링하고 대규모 데이터 셋에서 분석..."
job_aac8e9355cb855ac,[인재풀] 아티스트 ART,서울,Maya or 3D Max등의 아트웍 툴 사용 경험 Max script 또는 Mel Script의 사용 경험 C# 또는 Python 언어에 대한 이해 및 활용 능력 아트웍 관련 툴 제작 또는 플러그인 제작 경험
job_da92f66643f9d090,[하나금융TI] 금융시스템 개발 경력사원 (2.11~2.23),서울 중구,JAVA|인터넷·IT·통신·모바일·게임>응용프로그래머>C·C++|인터넷·IT·통신·모바일·게임>응용프로그래머> Python|인터넷·IT·통신·모바일·게임>응용프로그래머>C#|인터넷·IT·통신·모바일·게임>응용프로그래머>인공지능...
job_69d3cc2cca262747,Machine Learning Engineer Intern - Korea,서울,"Strong algorithms and data structure skills. Fluent... least one programming language including Python, Java, and Golang."
job_c9206c4cf58de0d1,2022년 직원,서울 영등포구,"관련 개발 및 운영 경험자 우대 HTS 로그인 및 메인 화면 개발(VC++) HTS 시세 및 주문화면 개발( Python) Java, Objective-C 개발 가능자(모바일) Oracle/Mysql/MSSql 등 DBMS..."
job_00604acdc9f8bc42,"[대기업] 딥러닝 (AI, 영상인식) 전문가 (석박사급)",서울,공지능)>딥러닝|인터넷·IT·통신·모바일·게임>빅데이터·AI(인공지능)> Python|인터넷·IT·통신·모바일·게임>빅데이터·AI(인공지능)>데이터분석... 통신·모바일·게임>응용프로그래머> Python|인터넷·IT·통신·모바일·게임...
job_9b0b800022f0a931,로직팀 설계인력,서울 서초구,"경험자ㆍMixed signal design 경험자ㆍscripting language 지식(Perl, Python, TCL, etc)ㆍDynamic control 지식 0 명 근무조건 고용형태: 정규직근무부서: Digital..."
job_3b7dbdf85a326a6d,국내 대기업 - AI 및 딥러닝 관련 경력자,서울,"관련 전문 지식 있는 분 - Python 또는 Scala, JAVA 활용... 레임워크 활용 역량 좋은 분- 자연어처리 관련 전문 지식 있는 분- Python 또는 Scala, JAVA 활용 역량- 미디어/커머스/전자/IT 업계..."
job_f5c40ec89231fd10,음성인식 서버 개발 및 운영 전문가,서울 종로구,"기반의 API 설계 및 개발 경험개발 역량– C/C++, Java, Python, shell script 등 리눅스 환경 실무 개발 가능– 병렬화 및... 통신·모바일·게임>응용프로그래머> Python|인터넷·IT·통신·모바일·게임..."
job_79b5db53377a4f67,클라우드 보안 서비스 담당자 [경력],서울 강남구,함한 TCP / IP 프로토콜 스택 및 OSI 모델의 실제 응용 프로그램에 대한 깊은 지식- Linux 기술- Python / Shell 프로그래밍을 활용한 작업 자동화 및 도구 개발 가능자 우대 사항 영어 / 중국어 가능자...
job_4c338f455a08d490,[대기업] 클라우드 서비스 솔루션 개발,서울,C++|인터넷·IT·통신·모바일·게임>응용프로그래머>클라우드|인터넷·IT·통신·모바일·게임>응용프로그래머> Python|인터넷·IT·통신·모바일·게임>데이터베이스·DBA>데이터베이스개발자|인터넷·IT·통신·모바일·게임>데이터베...
job_39d930f25b6d9e8e,AI Scientist (NL Reasoning),서울 중구,"taxonomies, and semantic networks * Knowledge of Python, Lisp, or another scripting language * Expertise in general..."
job_2b0112d63721b1e0,Machine Learning Researcher (Computer Vision),서울,"more than one software language (ex: C, C++, C#, Java, Python, Javascript, Matlab, and so on.) Applicants must have..."
job_2f56d4b70c1df086,하반기 인턴직 모집,서울 을지로2가,"지니어 (IT 인프라 관리/운영) 서버, 네트워크 Bash, Java, Python ① 학력 : 초대졸 이상 (2020년 2월 이후 졸업/졸업예정... JavaScript, VC++, Python) 한솔 PNS IT 부문..."
job_e85487d0d81b009b,시스템보안 담당자 채용,서울 중학동,"경험 보유 우대사항 - AWS, Azure 등 클라우드 환경의 보안서비스 운영 경험자 - Java, Python 등 프로그래밍 언어 능숙자 근무조건 [근무조건] - 근무형태 : 정규직 - 모집인원 : 명 - 근무지..."
job_77b3e91b54377a1f,2022년 한국필립모리스(주) 각 부문,서울 영등포구,통신·모바일·게임>웹프로그래머> Python|인터넷·IT·통신·모바일·게임... 용프로그래머>자바스크립트|인터넷·IT·통신·모바일·게임>응용프로그래머> Python|인터넷·IT·통신·모바일·게임>시스템프로그래머>펌웨어·어셈블러|인터...
job_5c9f84f18b1b4944,2022 데이터 사이언티스트 부문,서울 강남구,인터넷·IT·통신·모바일·게임>ERP·시스템분석·설계>딥러닝|인터넷·IT·통신·모바일·게임>빅데이터·AI(인공지능)>머신러닝|인터넷·IT·통신·모바일·게임>빅데이터·AI(인공지능)> Python
job_b766b1060113c310,[어니컴(주)] 데이터 분석가 신입/경력,서울 용산구,이상- 프로그래밍 언어: R 혹은 Python 활용 가능- 통계 또는 기계... 데이터분석|인터넷·IT·통신·모바일·게임>빅데이터·AI(인공지능)> Python|인터넷·IT·통신·모바일·게임>빅데이터·AI(인공지능)>R|인터넷...
job_32998063886b0d27,[컨트롤웍스] 제어엔지니어 신입,서울 강남구,전공- Matlab / Simulink 프로그래밍에 자신 있는 분[우대사항]- 컨트롤러 설계 경험- C 또는 Python 프로그래밍 역량- 석사학위자의 경우 병역특례 가능- 운전가능자 1 명 근무조건 고용형태: 정규직(수습기...
job_f8691758f74c5242,Support Engineer- Developer,서울,"developing with Chatbot, Linux, Apache, Java, Node, Python, PHP, or Ruby - Knowledge and experiences of cloud services (Azure..."
job_e2fa403765553261,시스템 개발 분야 모집,서울 남대문로5가,"지원서 접수가 확인되면 코딩테스트 메일 발송 예정(매주 월, 목) 직무 키워드 Linux, Java, Python, NLP, Machine Learning 담당 직무 11번가의 검색조직은 11번가 서비스에서의 자연어..."
job_6d0b76f65c7a3c32,(주)엘솔루 R&D본부 ASR팀 개발직,서울,터넷·IT·통신·모바일·게임>응용프로그래머>JAVA|인터넷·IT·통신·모바일·게임>응용프로그래머>Linux|인터넷·IT·통신·모바일·게임>응용프로그래머>머신러닝(ML)|인터넷·IT·통신·모바일·게임>응용프로그래머> Python
job_73452f4730f70e3d,취업포털본부 디자인팀 경력직,서울 중구,로그래머>백엔드|인터넷·IT·통신·모바일·게임>웹프로그래머>프론트엔드|인터넷·IT·통신·모바일·게임>웹프로그래머> Python|인터넷·IT·통신·모바일·게임>웹프로그래머>ASP.NET|인터넷·IT·통신·모바일·게임>웹프로그래머...
job_51df90967b46e8f0,[외국계 스타트업 미소] Business Analyst,서울,통신·모바일·게임>빅데이터·AI(인공지능)>데이터분석|인터넷·IT·통신·모바일·게임>빅데이터·AI(인공지능)> Python|인터넷·IT·통신·모바일·게임>데이터베이스·DBA>MySQL|인터넷·IT·통신·모바일·게임>데이터베이스...
job_d8918f984b349ea6,[국비무료/취업연계] 실무프로젝트 기반 빅데이터/핀테크/인공지능 연수생,서울 중구,통신·모바일·게임>웹프로그래머> Python|인터넷·IT·통신·모바일·게임... 프론트엔드|인터넷·IT·통신·모바일·게임>빅데이터·AI(인공지능)> Python|인터넷·IT·통신·모바일·게임>빅데이터·AI(인공지능)>인공지능(AI...
job_4a0a7b36dbc554f9,Quantitative Research Intern,서울,languages (C++ and Python preferred) Able... 예정자 우수한 학업 성적 프로그래밍 언어에 익숙한 분 (C++ 및 Python 선호) 영어로 의사소통이 가능하신 분 글로벌 금융 시장에 대해 배우려는...
job_cd919aed133f6b4d,빅데이터분석 수시 채용,서울 을지로2가,"대사항] - 빅데이터 분석 프로젝트 Leading 경력 - 보건의료 빅데이터 분석 경력 - SAS, R, Python 등 프로그래밍 가능자 - 머신러닝/딥러닝 활용 예측모형 개발 - 보건의료빅데이터(건강보험심사평가원, 국민..."
job_6d86e9f32d31c84f,Data 분야 경력,서울,"해가 뛰어난 자 - R, Python, SAS, SQL 등 활용 역량 우대사항(해당 내용 중 1개 이상) - ML/DL 경험 인력 우대 - 관련 분야 석사 이상 학위 소지자 우대 - R, Python등 데이터분석 모델링 경험..."
job_8164d5e7100c5968,AI Frameworks Engineer Intern,서울,Basic knowledge of deep learning technologies Programming with Python or Shell script Education Students who are currently...
job_016de9bb83a8032d,JR0186078 AI Research Engineer Intern,서울,"architectures, and optimization strategiesProgramming skills with Python/C++Experience working with one or more deep learning..."
job_13059ac76a29fa54,Data Engineer (Python Backend 경력자),서울 서초구,데이터·AI(인공지능)> Python|인터넷·IT·통신·모바일·게임>응용프로그래머>인공지능(AI)|인터넷·IT·통신·모바일·게임>응용프로그래머>클라우드|인터넷·IT·통신·모바일·게임>응용프로그래머> Python|인터넷·IT·통신...
job_e86e8e49e0fae8e8,서버리스 백엔드 개발자(경력 3년 이상),서울 강남구,"DevOPs 기반 개발[사용기술]php, laravel, aws, python, java [자격요건] 인터넷·IT·통신·모바일·게임>웹프로그래머... 통신·모바일·게임>웹프로그래머> Python|인터넷·IT·통신·모바일·게임..."
job_9f0ce22eee4259bb,"교육 기획/운영, 시스템 기획",서울 성동구,"Science, Data Science, AI, Algorithm, Python 등... 데이터 분석, 인공지능, 프로그래밍 언어) 교육에 관심... AI, Algorithm, Python 등)• IT(데이터 분석, 인공지능..."
job_77f36f436c732078,[AWS] Application Developer,서울,"experience (e.g. Java, Python, C++, Scala... 너와 서버리스 기술 경험 · 프로그래밍 언어 경험 (예 : Java, Python, C ++, Scala, Go, Ruby 등) · 애플리케이션 개발..."
job_19beeb5c7f50c5b4,데이터 사이언티스트,서울,맞게 데이터 모델 및 스키마를 꾸준히 개발 및 발전 * 이런 역량을 가지신 분을 찾습니다. - SQL / Python / R 등 데이터 분석 업무를 수행할 수 있는 하나 이상의 개발 언어를 경험하신 분 - 통계 지식에 대한...
job_e7c8c2b11f24fb43,Software Engineer,서울,"languages, including... limited to: C++, Java, C and Python. Excellent written and verbal communication skills. About..."
job_abf652b2753020be,Market/Biz. 분석 분야 경력사원,서울 여의도역,"소통 가능 수준) 우대자격 - 산업공학/통계/전산학/데이터사이언스 관련 전공 - 프로그래밍언어(R, Python 등)을 활용한 데이터 분석 경험 - BI tool(excel BI, Qlik, Power BI, Tableau..."
job_a83b0d6057d3b31a,Server Engineer,서울 영등포구,"대한 지식 및 판단을 토대로 뱅크샐러드 적용 가능성 제시 자격 요건 Golang/Java(Kotlin)/ Python 중 하나 이상을 이용한 서비스 설계 및 개발 경험 보유 CS Fundamental (자료 구조, 운영체제..."
job_65d17e4704beb445,네트워크 보안 담당자 채용,서울 중학동,"정보보안기사 등 관련 자격증을 보유하신 분 - 포렌식 업무 경험 또는 관련 자격증을 보유하신 분 - Java, Python 등 프로그래밍 언어가 능숙하신 분 근무조건 [근무조건] - 근무형태 : 정규직 - 모집인원 : 명..."
job_8c8c96a3ffac77f8,데이터 엔지니어 경력 정규직,서울 중구,"Redshift, Snowflake 등) 설계, 개발, 운영 경험• Python/R/dbt, Kafka/Airflow 등을 사용하여 데이터 전처리를... 게임>빅데이터·AI(인공지능)> Python|인터넷·IT·통신·모바일·게임..."
job_71c47ac87bb4087e,기술 인턴 인공지능 응용 연구/개발 인턴,서울 관악구,"6개월) (협의) *모집 절차: 서류 à인터뷰(오프라인) *지원 자격: 프로그래밍 언어 활용 능력: Python, C, C++ 중 1가지 이상 데이터구조, 알고리즘 과목 이수 머신러닝과 딥러닝의 기본 개념 이해 머신러닝..."
job_ffacf5c4b4ca412c,물류 수/배송 최적화 및 거점 네트워크 설계 전문가 (유명 대기업),서울,"물류 관련 GIS 분석 및 구축 경험 (Skill/Qualification) - C, C++, Java, Python - Gurobi, Cplex Solver 경력사항: 해당 경력(3년 이상 ) 학력사항: 대학교(4년)졸업..."
job_8d05eb89c3dfb9f3,IT/AI 개발 팀원/팀장,서울 용산구,(주)제이로고스 IT/AI 개발 팀원/팀장을 모집합니다. 모집부문 및 자격요건 담당업무 자격요건 인원 ﻿JAVA / Python 프로그래머 경력사항: 경력(연차무관) 학력사항: 대학교(4년)졸업 이상 0 명 근무조건 고용형태: 정규직...
job_ffd9cedb23e97344,파이썬SW 금융분야 특화 챗봇 개발 함께 할 엔지니어,서울 충정로역,"처리 과정을 Python language로 구현 - Big data 처리를 위한 SW 개발 - Backend SW 구현, Messenger interface, DBMS I/F 구현 Requirement - Python..."
job_e29bd57c416ee579,인재 Pool 등록,대한민국,"5년 이상 (IT기획, 프로젝트 PM/PL, 개발경력 등) - 자격 : 컴퓨터 언어 활용능력 보유 (JAVA, PYTHON) : 데이터베이스(RDBMS) 활용능력 보유 - 우대사항 : IT 예산(HW,SW,인건비) 수립 경험..."
job_75c348600e4ba140,국내 대기업 - 고객 데이터분석 포지션,서울,"도출 경험자 - 데이터 분석 지식 및 분석 Tool((SQL, R, Python 등) 사용가능자 - 고객 Segmentation 및 타겟마케팅 실행... 게임>빅데이터·AI(인공지능)> Python|인터넷·IT·통신·모바일·게임..."
job_bbbfbb33164df0e3,"Junior Software Engineer, Server Platform",서울,"프라 위에 안정적이고 효율적인 서비스 설계 및 구축 핵심 자격요건 Python, Java, Kotlin, Go, C++ 등 서버 사이드 프로그래밍... Understanding of Python, Java, and Event..."
job_72c3de496b865cfb,Solana Dapp Developer,서울,"Active public github page... plus* • Node.js, Python or other backend language • Contributions to open-source..."
job_77f04d25d1e4bc3c,Cross Border Ecommerce - Business Intelligence,서울,business analyst related roles Proficient in SQL and Python Strong analytical skill and sensitivity to data Strong oral...
job_d3a6ba916d772b85,[인공지능기업] 병역특례 산업기능요원 (SW개발자),서울,JAVA|인터넷·IT·통신·모바일·게임>웹프로그래머>JSP|인터넷·IT·통신·모바일·게임>웹프로그래머> Python|인터넷·IT·통신·모바일·게임>응용프로그래머>C·C++|인터넷·IT·통신·모바일·게임>응용프로그래머>.NET...
job_60d2552a901c0851,"Security Consultant, Professional Services",서울,"skills, eg. Python, Node.js, Javascript... 하거나 인프라에 배포해 보신 실무 경험 -스크립팅 언어 사용 기술 ( Python, Node.js, Javascript, PowerShell, Bash..."
job_30e17a7d8ce9d4d4,Software Engineer,서울,"writing optimal code... least one stack (Java, Go, Ruby, Python) Ability to work collaboratively and cross-functionally..."
job_b8ad49577d39559c,웹개발자,경기도 하남,"jsp, css, html 유경험자-JAVA,SPRING BOOT, AI 인공지능, REST API, PYTHON 경험-AI 이미지 인식 관련 기본 지식 (CNN등) [근무시간 및 형태] 주 5일 근무 (오전) 8시 30분..."
job_061fe20a981de005,"Cloud Architect , Professional Services",서울,"through DevOps scripting (E.g. Shell, Python) · Configuration management using... 데브옵스 스크립작성 (Shell, Python 등)을 통한 인프라 자동화..."
job_99b17cdf7773a816,Machine Learning Engineer - Korea,서울,"Fluent with one or more programming languages including Python, Java, and Golang. Knowledgeable with production-level machine..."
job_2f218efc7f8e3e59,[대기업] 데이터 엔지니어 (BI 개발) 과차장급,서울,"또는 기타 Public Cloud 환경에서의 데이터 운영, 개발 경험( Python) -근무지 : 서울연 봉 : 협의 (현 연봉 + @)-* 담당자... 인터넷·IT·통신·모바일·게임>빅데이터·AI(인공지능)> Python"
job_b79acb8f4c6b4c0d,Research Engineer,서울,"자격 요건) - 프로덕션 환경에서 발생하는 리얼 월드 문제들을 풀어 나가며 서비스와 함께 성장하고 싶으신 분 - Python 기반의 머신러닝 라이브러리를 활용한 개발에 익숙하신 분 (Tensorflow, Pytorch 등..."
job_0699e6dbb5a0ec38,Software Engineer,서울,"skills with co-worker Good Programming Skills in C#, C, Python Embedded FW development Generate GUI (Graphic User..."
job_d7527395199fd664,Consulting Engineer (Full Time) - Korea,서울,"experience in Linux and programming languages like Python, Java , JavaScript etc. • Strong communication and collaboration..."
job_d85b2fcb2caec116,"Cloud Operations Engineer, APAC",서울,scale... pure Python infra-as-code... Our cloud operations engineers bring Python software-engineering skills and rigour...
job_2e34b878b20ceb26,[인공지능기업] 풀스택 개발자 (경력),서울,Node.js / Java / Python)- 웹/모바일 어플리케이션 개발... 게임>웹프로그래머>JAVA|인터넷·IT·통신·모바일·게임>웹프로그래머> Python|인터넷·IT·통신·모바일·게임>웹프로그래머>JSP|인터넷·IT·통신...
job_4240704581f26166,여행사업본부 1월 정기 수시채용,서울 을지로2가,"ERP 시스템 운영 및 고도화 작업 •홈페이지 리뉴얼 개발 지원 [필요역량] •개발언어: java (필수), python (우대) •개발프레임워크: Spring Framework (필수), Django (우대) •DBMS..."
job_2165954253e0cd92,채용전제형 인턴십 모집,서울 여의도역,"금융투자분석사, CFA Level 1 이상 등 관련 자격 보유자 • 엑셀 VBA 프로그래밍, SQL Python, R 등 활용가능자 • 통계학, 머신러닝, AI 관련 지식 보유자 리테일 영업지원 (기획, 지원..."
job_c5685a32445180f3,[커머스&서비스 플랫폼] 백엔드 엔지니어 (전문연구요원 가능),서울,"이런 분을 찾습니다 컨테이너 기반 환경의 서비스 구축 경험이 있으신 분 Flask, FastApi 등 Python 기반 웹어플리케이션 서버 개발 경험이 있으신 분 RDBMS 또는 Elasticsearch 등을 활용한 시스템..."
job_2b8b9164243592b6,(주)엘솔루 웹 개발자,서울,Stack 개발 유경험자. Javascript / React / Python / NodeJS 개발 유경험자 Node.js 개발 유경험자 HTML 5... ㆍJavascript / React / Python / 인터넷·IT·통신...
job_b6d169aa029a45a6,[강남/스타트업] 에이스랩 자율주행 엔지니어,서울 강남구,"공학 등 관련학사혹은 상응하는 지식- 프로그래밍 능력 (C/C++, python, etc)자세한 업무 및 자격 요건은 자사 홈페이지에서 확인 00 명... 통신·모바일·게임>응용프로그래머> Python|인터넷·IT·통신·모바일·게임..."
job_df228c302c3c8f9b,서버개발자(벡앤드) 정규직,서울 강남구,시스템 개발 [자격요건]• 경력사항: 경력(3년 이상 7년 이하)• 학력사항: 학력무관• 중상급 이상의 Python 또는 JavaScript 언어 활용 가능자• Django 또는 Node.js rest framework에...
job_649ccf047c868778,"금융 데이터 분석 엔진, 로보어드바이저 개발자",서울 영등포구,"시스템, 머신러닝, 자연어처리. 패턴분석 - 다음 언어에서 최소 한 가지 이상 능숙자: Java, C++, Python, JavaScript 우대사항 - 석사이상 컴퓨터공학 (Computer Science) 분야 또는..."
job_f54bac6c78fd3240,코딩에 빠진 수퍼 개발자 (펌웨어 개발),성남 수정구,"학력무관직무기술: 펌웨어(Firmware), Embedded System S/W 개발(판교) c/c++, Python 3 명 근무조건 고용형태: 정규직근무부서: 개발팀급여조건: 연봉 협의 후 결정 전형단계 및 제출서류 전형단..."
job_2de64799beca7298,"응용소프트웨어 개발자 (BIM, C#, C++, Python, api)",서울 마포구,"직무내용] - C#, C++ , Python 활용 자동화 프로그램 개발- 디지털트윈 응용 프로그램 개발 - BIM, REVIT 관련 응용 프로그램 개발- API [근무시간 및 형태] 주 5일 근무 (오전) 9시 00분~(오후..."
job_e658236007117d98,Junior Business Analyst (Non-tech),서울,"의와 체계적 사고체계를 갖추신 분 [우대 조건] 이커머스, 리테일, 물류 관련 도메인 경험을 보유하신 분 Python, R 등 기타 프로그램 언어 사용 경험을 보유하신 분 한국어 및 영어 모두 능숙한 커뮤니케이션이 가능하..."
job_b03b8655f632f8f0,[네오컨버전스] 딥러닝 개발자 신입/경력 정규직,서울 성동구,"부설연구소 [자격요건]신입, 경력(연차무관)대학교(4년)졸업 이상- Python 개발 가능자- Pytorch 딥러닝 프레임 워크 경험자- 딥러닝 이해... 게임>빅데이터·AI(인공지능)> Python|인터넷·IT·통신·모바일·게임..."
job_025b89990231eea6,[대형증권사] 자산배분전략 수립/모델개발,서울 강남구,통신·모바일·게임>웹프로그래머>JAVA|인터넷·IT·통신·모바일·게임>웹프로그래머>프론트엔드|인터넷·IT·통신·모바일·게임>웹프로그래머> Python|인터넷·IT·통신·모바일·게임>웹프로그래머>HTML·DHTML·mHTML
job_df21e3bb5d773616,Python Programmer,서울 서초구,개발 – JAVA 프로그래밍(라이브러리 활용) – Spring 프레임 워크 개발 – Python API 프로그래밍 우대사항 – Python 개발 경험 – Open Source 라이브러리 개발경험 – Web 표준에 대한 경험...
job_141f3f6ab42201f0,Technology Lead (Messenger platform),서울,SpringBoots/Kotlin. Also Python and Go... 크를 포함하는 많은 최신 기술 및 언어에 대한 탁월한 배경 지식. Python과 Go는에어아시아 에코시스템 전반에 걸쳐 사용되는 기술입니다. One...
job_e91b5984e7f5d3fd,"데이터베이스개발자, 웹개발 신입/경력 정규직",서울 영등포구,"개발자 ㆍCss/html 등 웹디자인 관련 유경험자 ㆍ자바스크립트, Python, C++, 닷넷 등 ㆍNode, Selenium, electron... 관련 유경험자ㆍ자바스크립트, Python, C++, 닷넷 등 ㆍNode..."
job_5b0e88a7d6d4afce,[메디픽셀] 딥러닝 & SW 개발 엔지니어,서울 마포구,"learning framework에 대한 이해가 있으신 분ㆍ C++, python 개발 경험이 있으신 분[우대사항]ㆍ관련 학과 석사 이상 학위(컴퓨터... 통신·모바일·게임>응용프로그래머> Python|인터넷·IT·통신·모바일·게임..."
job_5ab0b45dfa93411b,Data Engineer 신입사원,서울 강남구,"분류, 개인정보 비식별화, 불량 코퍼스 필터링 등 다양한 ML 프로젝트 (예정)[자격요건]- Julia / Python / R 중에서 자신 있는 프로그래밍 언어가 있는 분- 하나의 데이터도 놓치지 않고 꼼꼼하게 관리할 수..."
job_2826ee000a776768,Data Scientist 대리과장급 여의도 근무 상장중견기업,서울,"공학과 전공자 - 통계학 및 기계학습에 대한 이해가 있는 분 - 데이터 분석 업무를 위한 프로그래밍 언어 Python 및 R, SQL 등 사용 가능한 분 - Hive, Impala, Spark 등 빅데이터 분석 플랫폼을 활용..."
job_1f1726be215da368,10월 Backend 개발 경력 공채,서울 남대문로5가,"2. 활용기술 [서버 개발] - Spring Boot 2.x, Spring Cloud, Reactor, Python, Node.js - Oracle, MongoDB, MySQL, Kafka, Redis, Spring..."
job_752a4b5d63eac97c,Sr. Back-end Engineer (Python),서울 강남구,"관리합니다. 개발 언어 : Python 개발 환경 및 도구 : Django... 이상의 백엔드 개발 경험, 또는 이에 준하는 역량을 가지신 분 Python 및 Python web framework를 활용한 백엔드 개발에 거부감이..."
job_5fd063c78ee102fc,[한솔인티큐브] 대졸 신입사원 모집,서울 을지로2가,"Java, Python중 가능 역량 보유자) 본사 (서울) 개발 및 구축 Contact Center 솔루션, 음성봇, WFM, CTI개발 전공 무관 (Java, JavaScript, VC++, Python중 가능 역량..."
job_292a04117f547509,Field Application Engineer (m/f),서울 용산구,용프로그래머>C·C++|인터넷·IT·통신·모바일·게임>응용프로그래머> Python|인터넷·IT·통신·모바일·게임>전산·IT기술지원>S/W 엔지니어|인터... 트웨어|인터넷·IT·통신·모바일·게임>빅데이터·AI(인공지능)> Python
job_c719ac7a926d4858,Software Engineer - Robotics,서울,STEM or similar degree You have in-depth knowledge of C / C++ and Python programming You value soft skills... passionate...
job_d39d5624bfcc6b01,인사분야 신입사원 모집,서울 역삼동,"기획 • 전공무관 (상경계열 전공 우대) Trading • 전공무관 (상경/화공계열 전공 우대) • Python, VBA 등 코딩 능숙자 우대 재무(회계) • 전공무관 (재무관리/파생상품 관련 전공 우대) 구매..."
job_464ef95516a5fa5c,8퍼센트 경력 개발자,서울 종로구,"개발업무 - 금융 서비스 개발 - Python/Django 기반 - 정해진 역할이 아닌 기능에 따른 업무 분배 - 프로트엔드부터 백엔드까지 업무 범위... SQL 기본 - git flow - python, django 경험자 우대"
job_cf0bdeeebd1f045f,지식 콘텐츠 전문 기업 (매출 120억) 웹개발자 경력,서울,"서버 환경 유경험자• PHP, Python 개발 경험[연봉]6,000~7... 대학교(4년)졸업 이상직무기술: RDBMS, jQuery, CSS, Python, 시스템운영(Was/Web), Kafka 1 명 근무조건 고용형태..."
job_6d389529bece608b,자동차 전장 Security 분야 전문가,서울 강서구,식에 대한 이해 - Linux 사용 경험 보유 (1년 이상) - Shell Scripting 제작 또는 Python Programming 경험 2. 우대사항 - SDL (Security Development Lifecycle...
job_bd7907d1248e436d,[AI/LAB] 머신러닝 리서치 엔지니어 (전문연구요원 가능),서울,찾습니다 논문을 빠르고 정확하게 이해하고 구현할 수 있으신 분 최신 딥러닝 기술 동향을 파악하고 계신 분 Python 사용 능력이 능숙하신 분 ※ 참고사항 : 해당 직군은 상세 경력기술서 제출이 필수입니다. 이런 분은 더욱...
job_ac64fda2e281b835,"Software Engineer, People with Disabilities (장애인 채용)",서울,"languages, including... limited to: C++, Java, C and Python. Experience in a variety of projects utilizing natural..."
job_287f5f422c269849,Market Research 담당자 채용,서울 중학동,"숙한 대내외 커뮤니케이션이 가능한 분 [우대사항] - 통계분석 및 프로그래밍 언어 역량을 보유하신 분(R, python, Data studio, SPSS, Tableau, etc) - SQL 쿼리사용 가능하신 분 - 영어로..."
job_98a3e3328fec92db,데이터 엔지니어,서울,"end pipeline의 개발 ( Python, Airflow, k8s 활용... 데이터베이스 등 기본적인 전산 지식에 대한 이해를 갖추신 분 - Python / Java / Scala / Kotlin / Go 등의 언어로 개발..."
job_df86d9b3c5f1ead7,5G R&D 소프트웨어 개발자,서울,"Erlang, Java, Python Domain experience... 프로그래밍 언어: C, C++ (필수) / Erlang, Java, Python(우대) 기술 분야: 라디오 엑세스 네트워크, 5G NR, LTE..."
job_19da3484bd7a72f1,Machine Learning R&D 연구원,서울 서초구,"가능) ㆍ최신 딥러닝, 기계학습 이론에 대한 이해 및 구현 역량 ㆍ Python, TnsorFlow, C/C++, TensorRT 등 프로그래밍 실무... 대한 이해 및 구현 역량 ㆍ Python, TnsorFlow, C/C++..."
job_ccd4f5407a32ba6a,Data Scientist,서울,"analysis a plus, Programming... scripting exp.: eg. Python, C#, VBA, Java, Perl, etc. Experience in applied analytics..."
job_b04ed26e02c30d00,P2E 게임 블록체인 백엔드 개발자 (경력),대한민국,"적용 자격요건 - 2년 이상의 백엔드 서비스 개발 경험이 있으신 분 - Java, Javascript, Python 등 하나 이상에 대한 프로그래밍 언어 경험이 있으신 분 - Spring 등 웹 프레임워크에 대한 경험..."
job_eb7a0fa9a4c7e14f,Data Engineer,서울 영등포구,"S3, AWS Glue, Spark, Airflow 기반의 Data Lake 플랫폼 운영 자격 요건 Python 또는 JVM 기반 언어(Java, Scala) 중 하나 이상을 능숙히 사용 자료 구조, 알고리즘, 데이터베이스..."
job_b2eb1fe78ff9ee5f,[대기업] 데이터분석가 경력 (대리~과장급 2명),서울,"경력5년 이상-통계분석과 Machine Learning알고리즘에 대한 기본지식 보유-SQL, SAS, R, Python 중2개 이상의 분석도구에 대한 기본 이해-현상에 대한 문제인식과 적극적인 문제해결의지-통계적 수치에 대한..."
job_f8bfec7bfbdffd0a,애플리케이션 개발자&컨설턴트 정규직,서울 강남구,"Platform 컨설팅> JAVA/ Python/JScript 등의 개발... 경력(연차무관)학력사항: 대학(2,3년)졸업 이상직무기술: java, Python, javascript기타: > Basic SQL, HTML, CSS..."
job_7fe0c284fbf4045f,CRM 및 마케팅 데이터분석 담당자 - 국내 대기업 계열사,서울,"역량 (SQL 및 SAS, R, Python 등) - 통계 지식 보유 및... 경력자- 대용량 데이터 분석 툴 활용 역량 (SQL 및 SAS, R, Python 등)- 통계 지식 보유 및 데이터 모델링 가능자 우대- CRM 업무..."
job_3544467a7b64376f,[전문연구요원] 의료영상 리서치 엔지니어 정규직,서울 마포구,"학력무관직무기술: VISUALC++, 응용프로그래밍, C·C++, Python, AI개발 2 명 근무조건 고용형태: 정규직(수습기간3개월)근무부서... 머신러닝(ML)|인터넷·IT·통신·모바일·게임>응용프로그래머> Python"
job_82d47e44be45bb97,Junior Structural Engineer,서울,"Structural Modeling software : Midas, Sofistik… IT language: Python (nice to have) . Job Segment: Engineer, Construction..."
job_1bc6c09051f1d591,AI Research Engineer,서울,"PyTorch, Caffe, and MxNet - Strong programming skills with Python and C/C++ - Experiences in programming and testing on Linux..."
job_1f23a26d7baeffb0,QA Automation Engineer,서울 영등포구,"2년 이상 소프트웨어 QA 자동화 수행 경험 보유 Java, Kotlin, Swift, JavaScript, Python 중 최소 한가지 언어에 능숙한 스킬 보유 Appium, XCTest, Espresso, Selenium..."
job_2e3a1c1587d38c09,Senior Machine Learning Engineer,서울,"Engineering, Mathematics etc Ability to write robust code in Python, Java etc Strong passion for developing high-quality..."
job_ebd9b7e972f551fc,서버 개발자 Python(Django) Developer (신입/경력),서울 마포구,유관직무 경력자 서버 개발자 Python(Django) Developer... 있습니다.■ 자격 요건 인터넷·IT·통신·모바일·게임>웹프로그래머> Python|인터넷·IT·통신·모바일·게임>웹프로그래머>웹개발|인터넷·IT·통신...
job_aa20b37148768ec5,Quantitative Researcher,서울,etc.) Excellent academic record Proficiency in C/C++ or Python... other programming languages Excellent problem solving...
job_3d1690b2dd2249f8,"[K디지털 트레이닝] 전액 국비지원 IT취업연계 교육 빅데이터, 인공지능",서울 마포구,개발전문과정 인터넷·IT·통신·모바일·게임>웹프로그래머>JAVA|인터넷·IT·통신·모바일·게임>웹프로그래머> Python|인터넷·IT·통신·모바일·게임>빅데이터·AI(인공지능)>빅데이터|인터넷·IT·통신·모바일·게임>빅데이터...
job_3c1c5dc51d08cf18,Web / Spring Framework 개발자,서울 금천구,게임>웹프로그래머>JAVA|인터넷·IT·통신·모바일·게임>웹프로그래머> Python|인터넷·IT·통신·모바일·게임>웹프로그래머>ASP|인터넷·IT·통신... 통신·모바일·게임>응용프로그래머> Python|인터넷·IT·통신·모바일·게임...
job_8af26b37623864c4,8퍼센트 개발자 (신입/경력),서울 종로구,개발 금융 데이터 분석과 분석 플랫폼 운영 자격요건 컴퓨터 전공자 또는 웹 개발 경력 1년 이상 우대사항 Python 코드를 무리 없이 읽으실 수 있는 분 Linux/Mac 사용 가능한 분 새로운 기술에 대한 호기심을 가지신...
job_7d205770c41f1c8b,현대백화점 데이터기획팀 데이터 분석/기획 경력,서울 삼성역,"Tableau등 OLAP툴 활용 대시보드 구성 및 분석 결과 리포팅 수행 경험 - 중급 이상의 R, Python, SQL 역량 및 데이터 핸들링(추출/전처리(EDA)/요약 등) 역량 보유 - 클라우드(또는 온프..."
job_0229342521a71f63,(주)리얼데이터 분석컨설팅 인력,서울 성동구,이터·AI(인공지능)>데이터마이닝|인터넷·IT·통신·모바일·게임>빅데이터·AI(인공지능)>빅데이터|인터넷·IT·통신·모바일·게임>빅데이터·AI(인공지능)> Python|인터넷·IT·통신·모바일·게임>빅데이터·AI(인공지능)>R
job_5dd25746d945e947,빅데이터분석 담당자 in 자원순환 모바일 앱 스타트업,서울 성동구,AI(인공지능)>빅데이터|인터넷·IT·통신·모바일·게임>빅데이터·AI(인공지능)>데이터분석|인터넷·IT·통신·모바일·게임>빅데이터·AI(인공지능)> Python|인터넷·IT·통신·모바일·게임>빅데이터·AI(인공지능)>자연어처리
job_55dc8813cdc0ee34,Consultant_App Innovation,서울,"PowerShell, Python or other scripting... languages (e.g., C#, JavaScript, PHP, Python) Application Lifecycle Management (e.g..."
job_375d31c1f3157770,Machine Learning Engineer,서울,"statistics and algorithms • Ability to write robust code in Python, Java and R • Familiarity with machine learning..."
job_64e3d977c702eb32,경력사원,대한민국,"리눅스환경/프로그래밍(C＋＋, Python) 활용능력 보유 - 비전, 라이... 프로그램 구조 설계 및 개발 경력 - 리눅스환경/프로그래밍(C＋＋, Python) 활용능력 보유 - SW 개발방법론/Engineering 전공 및..."
job_043516001b6ef966,교육 웹 서비스 기획/ 콘텐츠 서비스 기획,서울 성동구,"Science, Data Science, AI, Algorithm, Python 등... 데이터 분석, 인공지능, 프로그래밍 언어) 교육에 관심... AI, Algorithm, Python 등)• IT(데이터 분석, 인공지능..."
job_b574f1454ae36aab,Cross Border Ecommerce - Business Intelligence (Based in Seo...,서울,business analyst related roles Proficient in SQL and Python Strong analytical skill and sensitivity to data Strong oral...
job_2a494e5becfb158a,[Creative] IT/System Engineer (5년 이상),서울 강남구,제작하고 있습니다. 우리 팀과 함께할 미션을 소개합니다. C++ / python 을 이용한 파이프라인 툴 개발 및 개선 TA 및 게임개발 엔지니어와... 통신·모바일·게임>응용프로그래머> Python|인터넷·IT·통신·모바일·게임...
job_7df915e1f0f86b2d,Software Architecture 설계 엔지니어,성남 분당구,경험 - Windows/Linux 상에서 C++/ Python 언어 사용 개발 경험 - C++ / Python 언어 사용 개발 경험 - 객체지향 설계에... 게임>빅데이터·AI(인공지능)> Python|인터넷·IT·통신·모바일·게임...
job_f862c821b0734933,[NAVER Cloud] Media 서비스 개발,서울,"다양한 개발 경험 또는 Go, Python, C/C++등을 이용한 플랫폼... 가능하신 분 - Java, Kotlin, Golang, C, C++, Python, node.js, typescript 등으로 작성된 코드 및 프레임..."
job_ceb8243bc8ae3c35,[데이터 플랫폼]서비스 데이터 엔지니어(전문연구요원 가능),서울,대용량 데이터 처리를 위한 인프라 스트럭처 개발 사내 데이터 분석 도구 개발 및 유지보수 이런 분을 찾습니다 Python 기반의 데이터 처리 경험이 있으신 분 Docker 환경에서 개발 경험이 있으신 분 AWS 클라우드 기반...
job_f21952a2d7a0bfd8,"[Robotics] Robotics Software Engineer, Navigation",서울,"요역량 ㅇ 컴퓨터 공학, 로봇 공학, 전자 공학 등 관련 기술 분야 석사 이상 학위 또는 3년 이상의 경력 ㅇ Python 혹은 C++ 언어의 능숙한 활용 ㅇ ROS/ROS2 혹은 유사한 framework를 활용한 robot..."
job_a50fce6cc2cb57c9,자연어처리전문가 금융챗봇 만들어 갈 엔지니어,서울 충정로역,리에 필요한 알고리즘을 개발하고 Python으로 구현 및 성능 검증을 진행... Description - 자연어 처리에 필요한 알고리즘을 개발하고 Python으로 구현 및 성능 검증을 진행 - 자연어 전처리 (형태소 분석...
job_e00d3977d633da67,[쿠키런: 오븐브레이크] 데이터 분석가 (경력),서울 강남구,통신·모바일·게임>ERP·시스템분석·설계>데이터분석|인터넷·IT·통신·모바일·게임>응용프로그래머> Python|인터넷·IT·통신·모바일·게임>웹프로그래머> Python|인터넷·IT·통신·모바일·게임>데이터베이스·DBA>SQL
job_ca42174fece4f1e7,[HDC 랩스] 2022년 상반기 경력,서울특별시,"Spring, node.js, python 프레임워크를 활용한 서버 개발... 전공 무관 ㆍ총경력 : 4년 이상~8년 이하 ㆍ Python 개발 경력 4년 이상 - Python 서버 (Backend) 개발 경력 4년 이상 - 웹..."
job_cda0aa8499766eeb,데이터 엔지니어,서울,"에서의 데이터 파이프라인 구축 및 운영 경험 GA, Tableau 등 외부 분석/시각화 도구에 대한 지식 Python, Java, Scala 중 하나 이상을 이용한 개발 경험 추가 정보 지원 서류 안내 제출서류 : 이력..."
job_cadddc1d517bc19b,Renewable Energy Analyst,서울,"other solar energy modeling tools; Experience utilizing Python, R or Matlab (or similar) for statistical analysis and data..."
job_5842bf7f00547688,S/W개발 신입/경력 정규직,서울 성동구,인터넷·IT·통신·모바일·게임>응용프로그래머>자바스크립트|인터넷·IT·통신·모바일·게임>응용프로그래머> Python|인터넷·IT·통신·모바일·게임>응용프로그래머>Linux|인터넷·IT·통신·모바일·게임>빅데이터·AI(인공지능...
job_733b814969bff5a7,Jr. Back-end Engineer (Python),서울 강남구,"이런 분을 찾아요 2년 이상의 Python을 활용한 백엔드 개발 업무를 수행한 경험이 있으신 분 Django, Django Rest Framework, Flask 등의 Python web framework를 사용하여..."
job_16335318da495e13,Data Scientist,서울 영등포구,"기반 예측, 모델링 프로젝트 경험자 데이터 분석/모델링을 위한 언어 및 프레임워크 사용에 익숙하신 분 ( Python, R, SQL, Pandas, TensorFlow, Pytorch, Spark 등) 회사 내부 구성원들과..."
job_e11919aa1a40d234,Software Intern,서울,"good communication skills Good Programming Skills in C#, C, Python Understanding of attached peripherals (I2C, SPI) Basic..."
job_f8638f3b69d8623e,규제/리스크/회계 시스템 담당자,서울 중학동,RDB(Oracle/MySQL 등) 쿼리 개발 경험을 보유하신 분 - SW 개발 능력을 보유하신 분(Java/ Python 등) 우대사항 - 은행 정보계 시스템(DW/규제/회계/리스크) 운영 경험을 보유하신 분 근무조건...
job_71e7bdfc94328eec,"Customer Engineer, Corporate, Google Cloud",서울 강남구,"scripting/programming languages: Java, Go, Kotlin, C#, Python, Perl... Shell Scripting.Ability to rapidly prototype..."
job_dbe3257e487e5814,[AI/Lab] AI 백엔드 엔지니어 (전문연구요원 가능),서울,"플랫폼 및 시스템 구축 이런 분을 찾습니다 주도적으로 문제를 찾고, 해결할 수 있는 능력을 보유하신 분 Python 또는 하나 이상의 언어에 능숙하신 분 Cache와 DB를 사용한 Restful API 개발 경험이 있으신분..."
job_cb973769974700e0,"Software Engineer, Android Connectivity",서울,"one or more... following languages: C, C++, Java, or Python. Preferred qualifications: 5 years of experience in Android..."
job_578a71cd0f1d3fed,AI SW 개발 경력사원 채용,서울,"및 개선 할 수 있는 역량 보유자 프로그래밍에 대한 실무역량 보유자(TensorFlow,PyTorch, Python,C++등) [우대요건] Vision 또는 NLP 기술을 활용하여 프로젝트 및 솔루션 개발 경험자 0명..."
job_a9b495cf8bbde126,Smart Factory 분야별 경력사원,경기도 파주,"Repair S/W제작) 2) 숙련된 Python , C/C++ 프로그래밍... 레이 공정/장비 운영/관리 경력을 2년 이상 보유하신 분 2) R, Python 등 코딩 능력을 갖추신 분 우대자격 1) OLED EVP, Photo..."
job_4bd82c335d8a60e5,Data Analyst,서울 영등포구,"가지신 분 Business Intelligence 시스템 및 비즈니스 리포팅 툴의 활용 능력 프로그래밍 언어( Python/R, etc)를 활용하여 데이터 분석이 가능하신 분 더 나은 데이터 기반 서비스를 만들기 위해 동료들과..."
job_78e99625e5de3c95,전문연구요원 (병역특례) 수시 (AI / HW 분야),성남 분당구,"모델의 RTL IP 설계 및 IP 검증 가능자 - Language: Python/Perl, C/C++ [우대 조건] - ARM based SoC 설계... Linux, shell, tcl, python, perl 사용 원활..."
job_4b9e10fafa9f733c,[네이버파이낸셜] 대안신용평가 모델 개발 및 운영,서울,"리스크 전략 운영 시스템 관리 가능하신 분 - SAS, SQL, R, Python 등을 활용한 데이터 핸들링 및 분석에 능숙한 분 - R, Python 등을 활용한 ML 개발 경험이 있는 분 - 팀웍 및 독립적으로 프로젝트..."
